<?xml version="1.0" encoding="UTF-8"?>
<project-private xmlns="http://www.netbeans.org/ns/project-private/1">
    <editor-bookmarks xmlns="http://www.netbeans.org/ns/editor-bookmarks/2" lastBookmarkId="0"/>
    <open-files xmlns="http://www.netbeans.org/ns/projectui-open-files/2">
        <group>
            <file>file:/C:/Users/Adriana/Desktop/Guia_10/src/java/guia10/LenguajeBean.java</file>
            <file>file:/C:/Users/Adriana/Desktop/Guia_10/web/EnviarPersona.jsp</file>
            <file>file:/C:/Users/Adriana/Desktop/Guia_10/web/LenguajeFavorito.jsp</file>
            <file>file:/C:/Users/Adriana/Desktop/Guia_10/web/Beans2.jsp</file>
            <file>file:/C:/Users/Adriana/Desktop/Guia_10/src/java/guia10/PersonaBeans.java</file>
        </group>
    </open-files>
</project-private>
